Confirmation code,Status,Guest name,Contact,# of adults,# of children,# of infants,Start date,End date,# of nights,Booked,Listing,Earnings
HMWYJ52CT8,Confirmed,Johann Bannay,'+1 (857) 544-8382,2,0,0,2020-02-09,2020-02-19,10,2020-01-07,Evon | Back Bay Convention CTR | Cozy Studio S9,$960.30
HM3FWJS2RE,Confirmed,Ethan Stout,'+1 (609) 256-1527,1,0,0,2020-02-14,2020-02-17,3,2020-01-03,Evon | Back Bay | Lux Penthouse + City View S06,$413.22
HMWPRN3958,Confirmed,Anna Markiewicz,'+1 (416) 333-5396,3,0,0,2020-02-14,2020-02-17,3,2020-01-09,Evon | SouthEnd | Luxury Apt | Boston Medical,$467.54
HMYHWXD5TC,Confirmed,Vanessa Villamil,'+1 (203) 223-3524,2,1,0,2020-02-14,2020-02-17,3,2020-02-09,Evon - Boston Common - Beautiful Apt Near Subway,$432.62
HMQDHF3SJZ,Confirmed,Matthew Willis,'+1 (813) 240-0127,2,0,0,2020-02-15,2020-02-17,2,2020-01-09,Evon | Boston Commons | Stunning Huge Studio b14,$342.41
HMQM38JMYS,Confirmed,Kensley Lipka,'+1 (201) 937-8853,4,0,0,2020-02-15,2020-02-17,2,2020-01-17,Evon - Downtown - Gorgeous 2BD/2BA Apt Near Subway,$341.25
HMMDTEFQJT,Confirmed,Kevin Mockler,'+1 (631) 294-1465,1,0,0,2020-02-16,2020-02-21,5,2020-01-21,Evon | Back Bay Convention CTR | Gorgeous 1BR S5,$576.18
HM23PBS22T,Confirmed,Fares Bouneb Turki,'+52 998 221 4839,2,0,0,2020-02-16,2020-02-19,3,2020-02-14,Evon | Boston Commons | Gorgeous 1BR + Subway b81,$374.42
HMBNDSEPTR,Confirmed,Lora Sherrodd,'+1 (307) 343-2979,1,0,0,2020-02-16,2020-02-19,3,2020-02-16,Evon - Downtown Boston - Stunning Apt Near Subway,$251.23
HM5PQB5PM3,Confirmed,Zhiwei Liu,'+1 (646) 479-1579,4,1,0,2020-02-16,2020-02-18,2,2020-02-16,Stunning 3BD/3BA in Jamaica Plain,$212.43
HMZ5PSAF59,Confirmed,Do Hoon Kim,'+1 (734) 730-8467,1,0,0,2020-02-16,2020-02-17,1,2020-02-17,Evon - Boston Common - Gorgeous Apt Near Subway,$134.83
HMXDSFP4S3,Confirmed,Donnie Walkerberry,'+1 (617) 870-1599,2,0,0,2020-02-16,2020-02-17,1,2020-02-17,Evon | Back Bay Convention CTR | Beautiful 1BR S14,$144.53
HM599PSWDF,Confirmed,Nathaniel Reed,'+1 (231) 881-1775,1,0,0,2020-02-17,2020-02-19,2,2020-02-17,Evon | Boston Commons | Stunning Huge Studio b14,$212.43
HMJH2Z3CXE,Confirmed,Reggene Walker,'+1 (857) 237-5774,4,0,0,2020-02-18,2020-02-22,4,2020-01-10,Stunning 3BD/3BA in Jamaica Plain,$480.15
HM83CRTNTE,Confirmed,Sharon Robinson,'+1 (413) 356-0530,3,0,0,2020-02-18,2020-02-19,1,2020-02-17,Evon | Back Bay | Lux Penthouse + City View S06,$183.33
HM948PNW83,Confirmed,Hee Sung Kim,'+82 10 7659 1221,2,0,0,2020-02-19,2020-02-28,9,2020-01-05,Evon | Back Bay Convention CTR | Cozy Studio S9,$952.44
HM5ESQCE3F,Confirmed,Elaine Chen,'+1 (828) 333-3250,2,0,0,2020-02-19,2020-02-23,4,2020-01-17,Evon | SouthEnd | Luxury Apt | Boston Medical,$493.73
HMEMBW24AN,Confirmed,Amy Tompkins Brown,'+1 (585) 506-5014,3,0,0,2020-02-19,2020-02-22,3,2020-02-15,Evon | Boston Commons | Gorgeous 1BR + Subway b81,$473.36
HM5KCEQFBX,Confirmed,Hilary Terhune,'+1 (207) 450-6429,2,2,0,2020-02-20,2020-02-22,2,2020-01-26,Evon - Downtown - Stunning 2BD/1BA Apt Near Subway,$418.07
HMNS824SRX,Confirmed,Gisela Alvarez,'+1 (857) 333-7440,3,0,0,2020-02-21,2020-02-23,2,2020-01-21,Evon | Boston Commons | Gorgeous 2BR + Subway b15,$366.66
HMNTYKJ43S,Confirmed,Joseph Holmes,'+1 (812) 430-1595,4,0,0,2020-02-21,2020-02-23,2,2020-02-13,Gorgeous 4BD/3BA Reunion Resort Near DisneyLand,$503.50
HM2FABXMYS,Confirmed,Ella Andronovich,'+1 (315) 982-1545,4,0,0,2020-02-21,2020-02-23,2,2020-02-17,Evon - Downtown Boston - Stunning Apt Near Subway,$288.09
HMBHK39PDP,Confirmed,Jennifer Johnson,'+1 (207) 215-5727,2,0,0,2020-02-22,2020-02-23,1,2019-12-12,Evon | Boston Commons | Gorgeous 1BR + Subway b81,$191.09
HMMFXZCC5Z,Confirmed,Christopher Wingard,'+1 (407) 929-0603,2,0,0,2020-02-25,2020-03-02,6,2020-01-17,Evon - Boston Common - Beautiful Apt Near Subway,$874.36
HMAN92EMNN,Confirmed,William Odom,'+1 (240) 469-8342,4,0,0,2020-02-26,2020-03-02,5,2019-10-26,Evon | Boston Commons | Gorgeous 2BR + Subway b15,$825.47
HMAPM4BH3C,Confirmed,Matthew Ceh Castillo,'+1 (401) 529-6679,6,0,0,2020-02-26,2020-03-01,4,2020-01-17,Evon - Downtown - Gorgeous 2BD/2BA Apt Near Subway,$979.70
HMEKPREQ5F,Confirmed,William Griffin,'+1 (973) 879-6110,3,0,0,2020-02-26,2020-03-01,4,2020-01-17,Evon - Downtown Boston - Stunning Apt Near Subway,$804.13
HMCYEPMXEE,Confirmed,Theresa Albenze,'+1 (412) 583-8266,4,0,0,2020-02-26,2020-03-01,4,2020-01-24,Evon - Downtown - Stunning 2BD/1BA Apt Near Subway,$959.33
HMABKJ4MBR,Confirmed,Shaun Hevey,'+1 (978) 771-9348,2,0,0,2020-02-27,2020-03-01,3,2019-10-30,Evon | Boston Commons | Gorgeous 1BR + Subway b81,$608.19
HMMS48WCNH,Confirmed,Lauren Bryden,'+1 (908) 230-3591,2,0,0,2020-02-27,2020-03-02,4,2020-01-31,Evon - Boston Common - Gorgeous Apt Near Subway,$769.21
HMTSSHRYBZ,Confirmed,Phong L,'+1 (626) 636-1239,3,0,0,2020-02-28,2020-03-02,3,2020-02-02,Evon | Back Bay | Lux Penthouse + City View S06,$577.15
HM4H324MQ8,Confirmed,Greg Witter,'+1 (949) 922-1375,2,1,0,2020-02-28,2020-03-01,2,2020-02-12,Evon | Back Bay Convention CTR | Beautiful 1BR S14,$387.03
HM345C8XX5,Confirmed,Justin Siegel,'+1 (732) 236-4788,3,0,0,2020-02-28,2020-03-01,2,2020-02-14,Evon | Back Bay Convention CTR | Cozy Studio S9,$387.03
HMAFNKZ5AN,Confirmed,Fran Matiole Nunes,'+55 11 96866 1078,4,0,0,2020-03-05,2020-03-07,2,2019-11-07,Evon | Boston Commons | Gorgeous 2BR + Subway b15,$404.49
HMTYEPNR9E,Confirmed,Lauren Spender,'+1 (219) 688-4442,2,0,0,2020-03-05,2020-03-07,2,2020-01-23,Evon | Back Bay Convention CTR | Beautiful 1BR S1,$323.01
HMD9ZAYRJY,Confirmed,Barbara Walsh,'+1 (617) 308-7539,4,0,0,2020-03-05,2020-03-08,3,2020-02-10,Stunning 3BD/3BA in Jamaica Plain,$472.39
HMN3EQXWS2,Confirmed,Conor Dwyer,'+1 (516) 314-6947,3,0,0,2020-03-05,2020-03-07,2,2020-02-17,Evon | Back Bay | Lux Penthouse + City View S08,$466.57
HMZ3Q2K4HD,Confirmed,Stephanie Dineen,'+1 (518) 487-1861,3,1,0,2020-03-06,2020-03-08,2,2020-01-15,Evon - Downtown Boston - Stunning Apt Near Subway,$352.11
HME43KTMF8,Confirmed,Jeremy Breese,'+1 (708) 334-2104,1,0,0,2020-03-06,2020-03-09,3,2020-01-24,Evon - Downtown - Gorgeous 2BD/2BA Apt Near Subway,$672.21
HM539QKQJD,Confirmed,Erin Mapstone,'+1 (315) 729-5123,3,0,0,2020-03-06,2020-03-08,2,2020-01-28,Evon | Boston Commons | Gorgeous 1BR + Subway b81,$413.22
